ID,name,compartment,direction
HC00011,H2O,s,both
HC00019,Pi,s,both
HC00021,CO2,s,export
HC00024,NH3,s,import
HC00040,Glucose,s,import
HC00053,Lysine,s,import
HC00062,Sulfate,s,both
HC00075,Methionine,s,import
HC00080,Tryptophan,s,import
HC00081,Phenylalanine,s,import
HC00089,Urea,s,export
HC00112,Choline,c,import
HC00121,Leucine,s,import
HC00133,Histidine,s,import
HC00149,Nicotinamide,s,import
HC00174,Valine,s,import
HC00179,Threonine,s,import
HC00180,Ethanolamine,c,import
HC00202,Arachidonate,s,import
HC00232,Riboflavin,s,import
HC00268,Pyridoxine,s,import
HC00310,Urate,s,export
HC00329,Ubiquinone,m,import
HC00334,Isoleucine,s,import
HC00396,Folate,s,import
HC00568,Pantothenate,s,import
HC00796,Linoleate,s,import
HC01981,Palmitolate,s,import
