ID,name,compartment,direction
HC00011,H2O,s,both
HC00017,O2,s,both
HC00019,Pi,s,both
HC00021,CO2,s,both
HC00024,NH3,s,both
HC00040,Glucose,s,both
HC00053,Lysine,s,both
HC00062,Sulfate,s,both
HC00075,Methionine,s,both
HC00080,Tryptophan,s,both
HC00081,Phenylalanine,s,both
HC00089,Urea,s,both
HC00112,Choline,c,both
HC00121,Leucine,s,both
HC00133,Histidine,s,both
HC00149,Nicotinamide,s,both
HC00174,Valine,s,both
HC00178,Cholesterol,b,export
HC00179,Threonine,s,both
HC00180,Ethanolamine,c,both
HC00202,Arachidonate,s,export
HC00232,Riboflavin,s,both
HC00268,Pyridoxine,s,both
HC00310,Urate,s,both
HC00329,Ubiquinone,m,both
HC00334,Isoleucine,s,both
HC00396,Folate,s,both
HC00510,Oleate,c,export
HC00568,Pantothenate,s,both
HC00796,Linoleate,s,export
HC01981,Palmitolate,s,export
HC02111,ATP-energy,c,export
HC02111,ATP-energy,m,export
