ID,name,compartment,direction
HC00011,H2O,s,both
HC00017,O2,s,import
HC00019,Pi,s,both
HC00021,CO2,s,export
HC00024,NH3,s,import
HC00040,Glucose,s,import
HC00053,Lysine,s,both
HC00062,Sulfate,s,both
HC00089,Urea,s,export
HC00075,Methionine,s,both
HC00080,Tryptophan,s,both
HC00081,Phenylalanine,s,both
HC00112,Choline,c,both
HC00121,Leucine,s,both
HC00133,Histidine,s,both
HC00149,Nicotinamide,s,import
HC00174,Valine,s,both
HC00179,Threonine,s,both
HC00180,Ethanolamine,c,both
HC00202,Arachidonate,s,both
HC00232,Riboflavin,s,import
HC00268,Pyridoxine,s,import
HC00310,Urate,s,export
HC00334,Isoleucine,s,both
HC00396,Folate,s,import
HC00568,Pantothenate,s,import
HC00796,Linoleate,s,both
HC01981,Palmitolate,s,both
HC00178,Cholesterol,b,export
HC00250,H2S,s,export
HC01846,Fe2+,s,both
HC00034,Glutamate,s,export
HC00045,Glycine,s,export
HC00048,Alanine,s,export
HC00055,Aspartate,s,export
HC00065,Arginine,s,export
HC00067,Glutamine,s,export
HC00068,Serine,s,export
HC00085,Tyrosine,s,export
HC00099,Cysteine,s,export
HC00145,Proline,s,export
HC00148,Asparagine,s,export
HC00177,L-Lactate,s,export
HC00389,Cystine,s,export
