ID,name,compartment,direction
HC00011,H2O,s,both
HC00017,O2,s,import
HC00019,Pi,s,both
HC00021,CO2,s,export
HC00024,NH3,s,import
HC00040,Glucose,s,both
HC00053,Lysine,s,both
HC00062,Sulfate,s,both
HC00089,Urea,s,export
HC00075,Methionine,s,both
HC00080,Tryptophan,s,both
HC00081,Phenylalanine,s,both
HC00112,Choline,c,both
HC00121,Leucine,s,both
HC00133,Histidine,s,both
HC00149,Nicotinamide,s,import
HC00174,Valine,s,both
HC00179,Threonine,s,both
HC00180,Ethanolamine,c,both
HC00202,Arachidonate,s,both
HC00232,Riboflavin,s,import
HC00268,Pyridoxine,s,import
HC00310,Urate,s,export
HC00334,Isoleucine,s,both
HC00396,Folate,s,import
HC00568,Pantothenate,s,import
HC00796,Linoleate,s,both
HC01981,Palmitolate,s,both
HC00250,H2S,s,export
HC01846,Fe2+,s,both
HC00034,Glutamate,s,both
HC00045,Glycine,s,both
HC00048,Alanine,s,both
HC00055,Aspartate,s,both
HC00065,Arginine,s,both
HC00067,Glutamine,s,both
HC00068,Serine,s,both
HC00085,Tyrosine,s,both
HC00099,Cysteine,s,both
HC00145,Proline,s,both
HC00148,Asparagine,s,both
HC00177,L-Lactate,s,both
HC00389,Cystine,s,both
HC00178,Cholesterol,b,export
HC00226,Palmitate,s,both
HC00510,Oleate,s,both
HC00793,Stearate,s,both
