Identifier,Flux weight,Justification
r1092,12180,"Synthesis of protein, counted 4x ATP dephosphorylation"
r1093,8460,"Synthesis of protein, counted 4x ATP dephosphorylation"
r1094,8360,"Synthesis of protein, counted 4x ATP dephosphorylation"
r1095,91220,"Synthesis of protein, counted 4x ATP dephosphorylation"
r1096,2480,"Synthesis of protein, counted 4x ATP dephosphorylation"
r1097,1740,"Synthesis of protein, counted 4x ATP dephosphorylation"
r1098,1660,"Synthesis of protein, counted 4x ATP dephosphorylation"
r1099,2020,"Synthesis of protein, counted 4x ATP dephosphorylation"
r1100,1980,"Synthesis of protein, counted 4x ATP dephosphorylation"
r1101,53480,"Synthesis of protein, counted 4x ATP dephosphorylation"
r1102,8120,"Synthesis of protein, counted 4x ATP dephosphorylation"
r1103,16200,"Synthesis of protein, counted 4x ATP dephosphorylation"
r1104,12440,"Synthesis of protein, counted 4x ATP dephosphorylation"
r1105,13960,"Synthesis of protein, counted 4x ATP dephosphorylation"
r1112,6340,"Synthesis of protein, counted 4x ATP dephosphorylation"
r1113,5340,"Synthesis of protein, counted 4x ATP dephosphorylation"
r1293,2100,"Synthesis of protein, counted 4x ATP dephosphorylation"
r1294,3320,"Synthesis of protein, counted 4x ATP dephosphorylation"
r1333,1216,"ATP Degradation of protein, counted 4x ATP dephosphorylation"
r1334,1216,"ATP Degradation of protein, counted 4x ATP dephosphorylation"
r1335,844,"ATP Degradation of protein, counted 4x ATP dephosphorylation"
r1336,844,"ATP Degradation of protein, counted 4x ATP dephosphorylation"
r1337,836,"ATP Degradation of protein, counted 4x ATP dephosphorylation"
r1338,836,"ATP Degradation of protein, counted 4x ATP dephosphorylation"
r1339,532,"ATP Degradation of protein, counted 4x ATP dephosphorylation"
r1340,532,"ATP Degradation of protein, counted 4x ATP dephosphorylation"
r1341,9120,"ATP Degradation of protein, counted 4x ATP dephosphorylation"
r1342,9120,"ATP Degradation of protein, counted 4x ATP dephosphorylation"
r1343,164,"ATP Degradation of protein, counted 4x ATP dephosphorylation"
r1344,200,"ATP Degradation of protein, counted 4x ATP dephosphorylation"
r1345,196,"ATP Degradation of protein, counted 4x ATP dephosphorylation"
r1346,632,"ATP Degradation of protein, counted 4x ATP dephosphorylation"
r1347,632,"ATP Degradation of protein, counted 4x ATP dephosphorylation"
r1348,5348,"ATP Degradation of protein, counted 4x ATP dephosphorylation"
r1349,5348,"ATP Degradation of protein, counted 4x ATP dephosphorylation"
r1350,812,"ATP Degradation of protein, counted 4x ATP dephosphorylation"
r1351,812,"ATP Degradation of protein, counted 4x ATP dephosphorylation"
r1352,1620,"ATP Degradation of protein, counted 4x ATP dephosphorylation"
r1353,1620,"ATP Degradation of protein, counted 4x ATP dephosphorylation"
r1354,1244,"ATP Degradation of protein, counted 4x ATP dephosphorylation"
r1355,1244,"ATP Degradation of protein, counted 4x ATP dephosphorylation"
r1356,1396,"ATP Degradation of protein, counted 4x ATP dephosphorylation"
r1357,1396,"ATP Degradation of protein, counted 4x ATP dephosphorylation"
r1358,248,"ATP Degradation of protein, counted 4x ATP dephosphorylation"
r1359,172,"ATP Degradation of protein, counted 4x ATP dephosphorylation"
r1402,7000,"Synthesis of protein, counted 4x ATP dephosphorylation"
r1403,700,"ATP Degradation of protein, counted 4x ATP dephosphorylation"
r0122,100,kinetically dominated by r0054 ATP/ADP is main cosubstrate
r0153,100,kinetically dominated by r0054 ATP/ADP is main cosubstrate
r0165,100,kinetically dominated by r0054 ATP/ADP is main cosubstrate
r0191,100,kinetically dominated by r0736 ATP/ADP is main cosubstrate
r0280,100,kinetically dominated by r0054 ATP/ADP is main cosubstrate
r0413,100,kinetically dominated by r0054 ATP/ADP is main cosubstrate
r0354,100,kinetically dominated by r0353 Glucose and ATP/ADP is main cosubstrate
r0355,100,kinetically dominated by r0353 Glucose and ATP/ADP is main cosubstrate
r0356,100,kinetically dominated by r0353 Glucose and ATP/ADP is main cosubstrate
r0357,100,kinetically dominated by r0353 Glucose and ATP/ADP is main cosubstrate
r0358,100,kinetically dominated by r0353 Glucose and ATP/ADP is main cosubstrate
r0359,100,kinetically dominated by r0353 Glucose and ATP/ADP is main cosubstrate
r0360,100,kinetically dominated by r0353 Glucose and ATP/ADP is main cosubstrate
r0361,100,kinetically dominated by r0353 Glucose and ATP/ADP is main cosubstrate
r0362,100,kinetically dominated by r0353 Glucose and ATP/ADP is main cosubstrate
r0363,100,kinetically dominated by r0353 Glucose and ATP/ADP is main cosubstrate
r0364,100,kinetically dominated by r0353 Glucose and ATP/ADP is main cosubstrate
r0057,100,kinetically dominated by r0058 PMID1935931: Localisation main (90%) cytosol and part (10%) mitochondrium.
r0021,100,kinetically dominated by r0025 PMID:10708558. Activity 2-5 per cent compared with NADPH cofactored reaction
r0022,100,kinetically dominated by r0026 PMID:10708558. Activity 2-5 per cent compared with NADPH cofactored reaction
r0112,100,"kinetically dominated by r0125 Human G-\u03b2 expression was clearly stronger than A-\u03b2 expression in liver"" (Johnson 1998, PMID: 9765291 PMID: 15234968, PMID: 9765290 G-SCS is usually the predominant enzyme in mammals,2 with apparent G-SCS activity exceeding that of A-SCS by 10-fold in extracts of the particulate fractions of kidney and liver."
r0179,100,kinetically dominated by r0178 PMID: 656447 only 20% of the activity with NAD+
r0001,0,potential definition (ATPenergy)
r1319,0,potential definition (ATPenergy)
r1320,0,potential definition (ATPenergy)
r1321,0,potential definition (NADH redox potential)
r1322,0,potential definition (NADH redox potential)
r1323,0,potential definition (NADH redox potential)
r1324,0,potential definition (NADH redox potential)
r1325,0,potential definition (NADPH redox potential)
r1326,0,potential definition (NADPH redox potential)
r1327,0,potential definition (NADPH redox potential)
r1328,0,potential definition (NADPH redox potential)
r1329,0,potential definition (FADH redox potential)
r1192,0,Fatty acyl residue pool definition
r1193,0,Fatty acyl residue pool definition
r1198,0,Fatty acyl residue pool definition
r1199,0,Fatty acyl residue pool definition
r1200,0,Fatty acyl residue pool definition
r1201,0,Fatty acyl residue pool definition
r1202,0,Fatty acyl residue pool definition
r1203,0,Fatty acyl residue pool definition
r1204,0,Fatty acyl residue pool definition
r1205,0,Fatty acyl residue pool definition
r1206,0,Fatty acyl residue pool definition
r1207,0,Fatty acyl residue pool definition
r1208,0,Fatty acyl residue pool definition
r1209,0,Fatty acyl residue pool definition
r1210,0,Fatty acyl residue pool definition
r1241,0,Fatty acyl residue pool definition
r1242,0,Fatty acyl residue pool definition
r1243,0,Fatty acyl residue pool definition
r1244,0,Fatty acyl residue pool definition
r1245,0,Fatty acyl residue pool definition
r1246,0,Fatty acyl residue pool definition
r1247,0,Fatty acyl residue pool definition
r1248,0,Fatty acyl residue pool definition
r1249,0,Fatty acyl residue pool definition
r1250,0,Fatty acyl residue pool definition
r1284,0,Fatty acyl residue pool definition
r1285,0,Fatty acyl residue pool definition
r1305,0,Fatty acyl residue pool definition
r1306,0,Fatty acyl residue pool definition
r0175,0,spontaneous reaction
