Simulation ID	Objective	Contraints	Evaluator	Comment							
Carbohydrate and energy metabolism											
sugarburn-to-ATP	ATP(c)	-Glucose(s) -Pi(c) -ADP(c) +CO2(s) -O2(s) =H2O(s)	Glucose(s)	test that external glucose can completely be oxidized to CO2 while exclusively rephosphorylating ADP to ATP							
sugarburn-to-NADH	NADH(c)	-Glucose(s) -NAD+(c) +CO2(c) -O2(s) =H2O(s)	Glucose(s)	test that external glucose can completely be oxidized to CO2 while exclusively reducing NAD+ to NADH							
sugarburn-to-NAPDH	NADPH(c)	-Glucose(s) -NADP+(c) +CO2(c) -O2(s) =H2O(s)	Glucose(s)	test that external glucose can completely be oxidized to CO2 while exclusively reducing NADP+ to NADPH							
oxidative phosphorylation	ATP(c)	-NADH(c) -ADP(c) -O2(c) +H2O(c) -Pi(c) +NAD+(c)	NADH(c)	test the exidative phosphorylation, conversion of cytosolic NADH/NAD gradient into cytosolic ADP rephosphorylation to ATP							
oxidative decarboxylation	NADH(m)	-Pyruvate(m) -NAD+(m) +CO2(m) +Acetyl-CoA(m) -CoA(m)	Pyruvate(m)	test that NADH/NAD potential can be build up by converting mitochondrial pyruvate to CO2 while acetylating CoA							
Krebs cycle NADH	NADH(m)	-Pyruvate(m) +ATP(m) -ADP(m) -Pi(m) -NAD+(m) +CO2(s) -O2(s)	Pyruvate(m)								
ATP-for-free	ATP(m)	-ADP(m) -Pi(m) =H2O(s)	exclude(s)	exclude that mitochondrial ADP can be rephosphyrylated without any other exchange of substrates							
Proton-for-free	H+(PG)(c)	-H+(PG)(m)	exclude(s)	exclude that the mitochondrial/cytosolic proton gradient can be build up without any other exchange of substrates							
NADH-for-free	NADH(m)	-NAD+(m)	exclude(s)	exclude that mitochondrial NAD+ can be reduced to NADH without any other exchange of substrates							
NADPH-for-free	NADPH(c)	-NADP+(c) =CO2(s) =O2(s)	exclude(s)	exclude that mitochondrial NADP+ can be reduced to NADPH without any other exchange of substrates							
ATP-from-NADH	ATP(c)	-ADP(c) -Pi(c) +NAD+(m) -NADH(m) =H2O(s) -O2(s)	NADH(m)	test that NADH/NAD+ potential can be transformed to ATP/ADP potential							
NADH-from-ATP	NADH(m)	-ATP(c) +ADP(c) +Pi(c) +NAD+(m) =H2O(s) -O2(s)	exclude(s)	test that ATP/ADP potential can be transformed to NADH/NAD+ potential							
Glucose-for-free	Glucose(s)	-CO2(s) -ATP(c) +ADP(c) +Pi(c) +O2(s)	exclude(s)	exclude that glucose can be produced from CO2 and ATP/ADP gradient while possibly wasting O2							
Ubiquinol-to-proton	H+(PG)(c)	-ADP(c) -Pi(c) +Ubiquinone(m) -Ubiquinol(m) =H2O(m) -O2(m)	Ubiquinol(m)	test that mitochondrial Ubiquinol/Ubiquinone gradient without any exchange of substrates							
Ubiquinol-to-ATP	ATP(c)	-ADP(c) -Pi(c) +Ubiquinone(m) -Ubiquinol(m) =H2O(m) -O2(m)	Ubiquinol(m)	test that mitochondrial ATP/ADP potential without any exchange of substrates							
Methylgroup	5-Methyl-THF(c)	-THF(c) MES	5-Methyl-THF(c)	test that the methyl group on THF can be regenerated from the minimal exchange set							
Formylgroup	10-Formyl-THF(c)	-THF(c) MES	10-Formyl-THF(c)	test that the methyl group on THF can be regenerated from the minimal exchange set							
Thioredoxin_oxidation	Oxidized_thioredoxin(c)	MES -Thioredoxin(c)	Oxidized_thioredoxin(c)	test that cytosolic thioredoxin can be oxidized using the minimal exchange set							
Thioredoxin_reduction	Thioredoxin(c)	MES -Oxidized_thioredoxin(c)	Thioredoxin(c)	test that cytosolic thioredoxin can be reduced using the minimal exchange set							
ATP-energy	ATP-energy(c)	MES	ATP-energy(c)	test that the ATP energy pseudo metabolite can be produced in the cytosol from the minimal exchange set							
NADH-redox-potential	NADH-redox-potential(c)	MES	NADH-redox-potential(c)	test that the pseudo metabolite NADH-redox-potential can be produced in the cytosol from the minimal exchange set							
NADPH-redox-potential	NADPH-redox-potential(c)	MES	NADPH-redox-potential(c)	test that the pseudo metabolite NADPH-redox-potential can be produced in the cytosol from the minimal exchange set							
activated-sulphur	activated-sulphur(c)	MES	activated-sulphur(c)	test that the pseudo metabolite activated-sulphur can be produced in the cytosol from the minimal exchange set							
Proton-gradient(m)	Proton-gradient(m)	MES	Proton-gradient(m)	test that the pseudo metabolite Proton-gradient can be wasted (this is equivalent to build up the normal cyto/mito proton gradient) from the minimal exchange set							
Proton-gradient(c)	Proton-gradient(c)	MES	Proton-gradient(c)	test that the pseudo metabolite Proton-gradient in cytosol (this is equivalent to build up the proton gradient on the outer membrane for transport processes) can be produced from the minimal exchange set							
Activated_methyl_group(c)	Activated_methyl_group(c)	MES	Activated_methyl_group(c)	test that the pseudo metabolite Activated_methyl_group can be produced in the cytosol from the minimal exchange set							
palmitateburn-to-ATP	ATP(c)	-Palmitate(s) -Pi(c) -ADP(c) +CO2(c) -O2(s) =H2O(c)	Palmitate(s)	test that external palmitate can completely be oxidized to CO2 while exclusively rephosphorylating ADP to ATP							
Glycogen-storage	Glycogenin-G4G7(c)	-Glycogenin(c) -Glucose(s) -O2(s) +CO2(s) =H2O(s)	Glycogenin-G4G7(c)	test the storage of glucose in a glycogen component							
Glycogen-glucose-release	Glucose(s)	-Glycogenin-G4G7(c) +Glycogenin(c) -O2(s) +CO2(s) =H2O(s)	Glucose(s)	test the release of glucose from a glycogen component							
CO2_export	CO2(s)	-CO2(c) -Glucose(s) -O2(s) =H2O(s)	CO2(s)	tests that carbon dioxide can be excreted							
Na+_exportgradient	Na+(c)	-Na+(s) -Glucose(s) -O2(s) +CO2(s) +H2O(s)	Na+(c)	tests that natrium can be pumped into the cell							
Na+_importgradient	Na+(s)	-Na+(c) -Glucose(s) -O2(s) +CO2(s) +H2O(s)	Na+(c)	tests that natrium can be pumped into the cell							
ATP(s)	ATP(s)	MES	ATP(s)	test that ATP can be produced and excreted into the blood from the minimal exchange set							
CTP(c)	CTP(c)	MES	CTP(c)	test that cytosolic CTP can be produced from the minimal exchange set							
GDP(c)	GDP(c)	MES	GDP(c)	test that cytosolic GTP can be produced from the minimal exchange set							
UTP(c)	UTP(c)	MES	UTP(c)	test that cytosolic UTP can be produced from the minimal exchange set							
dATP(c)	dATP(c)	MES	dATP(c)	test that cytosolic dATP can be produced from the minimal exchange set							
dCTP(c)	dCTP(c)	MES	dCTP(c)	test that cytosolic dCTP can be produced from the minimal exchange set							
dGTP(c)	dGTP(c)	MES	dGTP(c)	test that cytosolic dGTP can be produced from the minimal exchange set							
dTTP(c)	dTTP(c)	MES	dTTP(c)	test that cytosolic dTTP can be produced from the minimal exchange set							
UDP-glucuronate(c)	UDP-glucuronate(c)	MES	UDP-glucuronate(c)	test that cytosolic UDP-glucuronate can be produced from the minimal exchange set							
UDP-galactose(c)	UDP-galactose(c)	MES	UDP-galactose(c)	test that cytosolic UDP-galactose can be produced from the minimal exchange set (galactose can not be produced in liver!)							
UDP-glucose(c)	UDP-glucose(c)	MES	UDP-glucose(c)	test that cytosolic UDP-glucose can be produced from the minimal exchange set							
GDP-L-fucose(c)	GDP-L-fucose(c)	MES	GDP-L-fucose(c)	test that cytosolic GDP-L-fucose can be produced from the minimal exchange set							
GDP-mannose(c)	GDP-mannose(c)	MES	GDP-mannose(c)	test that cytosolic GDP-mannose can be produced from the minimal exchange set							
UDP-xylose(c)	UDP-xylose(c)	MES	UDP-xylose(c)	test that cytosolic UDP-xylose can be produced from the minimal exchange set							
ADP(c)	ADP(c)	MES	ADP(c)	test that cytosolic ADP can be produced from the minimal exchange set							
AMP(c)	AMP(c)	MES	AMP(c)	test that cytosolic AMP can be produced from the minimal exchange set							
IMP(c)	IMP(c)	MES	IMP(c)	test that cytosolic IMP can be produced from the minimal exchange set							
Xanthosine-5P(c)	Xanthosine-5P(c)	MES	Xanthosine-5P(c)	test that cytosolic Xanthosine-5P can be produced from the minimal exchange set							
GMP(c)	GMP(c)	MES	GMP(c)	test that cytosolic GMP can be produced from the minimal exchange set							
GTP(c)	GTP(c)	MES	GTP(c)	test that cytosolic GTP can be produced from the minimal exchange set							
Uracil(c)	Uracil(c)	MES	Uracil(c)	test that cytosolic Uracil can be produced from the minimal exchange set							
Uridine(c)	Uridine(c)	MES	Uridine(c)	test that cytosolic Uridine can be produced from the minimal exchange set							
UMP(c)	UMP(c)	MES	UMP(c)	test that cytosolic UMP can be produced from the minimal exchange set							
UDP(c)	UDP(c)	MES	UDP(c)	test that cytosolic UDP can be produced from the minimal exchange set							
Cytidine(c)	Cytidine(c)	MES	Cytidine(c)	test that cytosolic Cytidine can be produced from the minimal exchange set							
CMP(c)	CMP(c)	MES	CMP(c)	test that cytosolic CMP can be produced from the minimal exchange set							
CDP(c)	CDP(c)	MES	CDP(c)	test that cytosolic CDP can be produced from the minimal exchange set							
dCDP(c)	dCDP(c)	MES	dCDP(c)	test that cytosolic dCDP can be produced from the minimal exchange set							
Xanthine(c)	Xanthine(c)	MES	Xanthine(c)	test that cytosolic Xanthine can be produced from the minimal exchange set							
Guanine(c)	Guanine(c)	MES	Guanine(c)	test that cytosolic Guanine can be produced from the minimal exchange set							
Deoxyguanosine(c)	Deoxyguanosine(c)	MES	Deoxyguanosine(c)	test that cytosolic Deoxyguanosine can be produced from the minimal exchange set							
dGMP(c)	dGMP(c)	MES	dGMP(c)	test that cytosolic dGMP can be produced from the minimal exchange set							
dGDP(c)	dGDP(c)	MES	dGDP(c)	test that cytosolic dGDP can be produced from the minimal exchange set							
GDP-4-dehydro-6-deoxy-D-mannose(c)	GDP-4-dehydro-6-deoxy-D-mannose(c)	MES	GDP-4-dehydro-6-deoxy-D-mannose(c)	test that cytosolic GDP-4-dehydro-6-deoxy-D-mannose can be produced from the minimal exchange set							
Alanine(c)	Alanine(c)	MES	Alanine(c)	test that cytosolic Alanine can be produced from the minimal exchange set							
Arginine(c)	Arginine(c)	MES	Arginine(c)	test that cytosolic Arginine can be produced from the minimal exchange set							
Asparagine(c)	Asparagine(c)	MES	Asparagine(c)	test that cytosolic Asparagine can be produced from the minimal exchange set							
Aspartate(c)	Aspartate(c)	MES	Aspartate(c)	test that cytosolic Aspartate can be produced from the minimal exchange set							
Cysteine(c)	Cysteine(c)	MES	Cysteine(c)	test that cytosolic Cysteine can be produced from the minimal exchange set							
Cystine(c)	Cystine(c)	MES	Cystine(c)	test that cytosolic Cystine can be produced from the minimal exchange set							
Glutamate(c)	Glutamate(c)	MES	Glutamate(c)	test that cytosolic Glutamate can be produced from the minimal exchange set							
Glycine(c)	Glycine(c)	MES	Glycine(c)	test that cytosolic Glycine can be produced from the minimal exchange set							
Glutamine(c)	Glutamine(c)	MES	Glutamine(c)	test that cytosolic Glutamine can be produced from the minimal exchange set							
Proline(c)	Proline(c)	MES	Proline(c)	test that cytosolic Proline can be produced from the minimal exchange set							
Serine(c)	Serine(c)	MES	Serine(c)	test that cytosolic Serine can be produced from the minimal exchange set							
Tyrosine(c)	Tyrosine(c)	MES	Tyrosine(c)	test that cytosolic Tyrosine can be produced from the minimal exchange set							
Homocysteine(c)	Homocysteine(c)	MES	Homocysteine(c)	test that cytosolic Homocysteine can be produced from the minimal exchange set							
MetHCys	Homocysteine(c)	-Methionine(c) -Glucose(s) -Serine(s) +Glycine(s) -O2(s) +CO2(s) =H2O(s) +Urea(s)	Homocysteine(c)	test that cytosolic Homocysteine can be produced from Methionine serine glucose oxygene while excretion of glycine CO2 urea is allowed							
beta-Alanine(c)	beta-Alanine(c)	MES	beta-Alanine(c)	test that cytosolic beta-Alanine can be produced from the minimal exchange set							
AlbuminMin	Albumin(s)	MES	Albumin(s)	test that Albumin can be produced and excreted into the blood from the minimal exchange set							
AlbuminGlc_NoEssHis	Albumin(s)	-Leucine(s) -Isoleucine(s) -Lysine(s) -Methionine(s) -Phenylalanine(s) -Threonine(s) -Tryptophan(s) -Valine(s) -Glucose(s) +CO2(s) =H2O(s) -O2(s)	exclude(s)	exclude that albumin can be produced from the amino acid set Leu-Ile-Lys-Met-Phe-Thr-Try-Val (missing essential His) while oxidation of glucose is also allowed							
AlbuminGlc_NoEssLeu	Albumin(s)	-Histidine(s) -Isoleucine(s) -Lysine(s) -Methionine(s) -Phenylalanine(s) -Threonine(s) -Tryptophan(s) -Valine(s) -Glucose(s) +CO2(s) =H2O(s) -O2(s)	exclude(s)	exclude that albumin can be produced from the amino acid set His-Ile-Lys-Met-Phe-Thr-Try-Val (missing essential Leu) while oxidation of glucose is also allowed							
AlbuminGlc_NoEssIle	Albumin(s)	-Histidine(s) -Leucine(s) -Lysine(s) -Methionine(s) -Phenylalanine(s) -Threonine(s) -Tryptophan(s) -Valine(s) -Glucose(s) +CO2(s) =H2O(s) -O2(s)	exclude(s)	exclude that albumin can be produced from the amino acid set His-Leu-Lys-Met-Phe-Thr-Try-Val (missing essential Ile) while oxidation of glucose is also allowed							
AlbuminGlc_NoEssLys	Albumin(s)	-Histidine(s) -Leucine(s) -Isoleucine(s) -Methionine(s) -Phenylalanine(s) -Threonine(s) -Tryptophan(s) -Valine(s) -Glucose(s) +CO2(s) =H2O(s) -O2(s)	exclude(s)	exclude that albumin can be produced from the amino acid set His-Leu-Ile-Met-Phe-Thr-Try-Val (missing essential Lys) while oxidation of glucose is also allowed							
AlbuminGlc_NoEssMet	Albumin(s)	-Histidine(s) -Leucine(s) -Isoleucine(s) -Lysine(s) -Phenylalanine(s) -Threonine(s) -Tryptophan(s) -Valine(s) -Glucose(s) +CO2(s) =H2O(s) -O2(s)	exclude(s)	exclude that albumin can be produced from the amino acid set His-Leu-Ile-Lys-Phe-Thr-Try-Val (missing essential Met) while oxidation of glucose is also allowed							
AlbuminGlc_NoEssPhe	Albumin(s)	-Histidine(s) -Leucine(s) -Isoleucine(s) -Lysine(s) -Methionine(s) -Threonine(s) -Tryptophan(s) -Valine(s) -Glucose(s) +CO2(s) =H2O(s) -O2(s)	exclude(s)	exclude that albumin can be produced from the amino acid set His-Leu-Ile-Lys-Met-Thr-Try-Val (missing essential Phe) while oxidation of glucose is also allowed							
AlbuminGlc_NoEssThr	Albumin(s)	-Histidine(s) -Leucine(s) -Isoleucine(s) -Lysine(s) -Methionine(s) -Phenylalanine(s) -Tryptophan(s) -Valine(s) -Glucose(s) +CO2(s) =H2O(s) -O2(s)	exclude(s)	exclude that albumin can be produced from the amino acid set His-Leu-Ile-Lys-Met-Phe-Try-Val (missing essential Thr) while oxidation of glucose is also allowed							
AlbuminGlc_NoEssTry	Albumin(s)	-Histidine(s) -Leucine(s) -Isoleucine(s) -Lysine(s) -Methionine(s) -Phenylalanine(s) -Threonine(s) -Valine(s) -Glucose(s) +CO2(s) =H2O(s) -O2(s)	exclude(s)	exclude that albumin can be produced from the amino acid set His-Leu-Ile-Lys-Met-Phe-Thr-Val (missing essential Try) while oxidation of glucose is also allowed							
AlbuminGlc_NoEssVal	Albumin(s)	-Histidine(s) -Leucine(s) -Isoleucine(s) -Lysine(s) -Methionine(s) -Phenylalanine(s) -Threonine(s) -Tryptophan(s) -Glucose(s) +CO2(s) =H2O(s) -O2(s)	exclude(s)	exclude that albumin can be produced from the amino acid set His-Leu-Ile-Lys-Met-Phe-Thr-Try (missing essential Val) while oxidation of glucose is also allowed							
AntichymotrypsinMin	Antichymotrypsin(s)	MES	Antichymotrypsin(s)	test that Antichymotrypsin can be produced and excreted into the blood from the minimal exchange set							
AntitrypsinMin	Antitrypsin(s)	MES	Antitrypsin(s)	test that Antitrypsin can be produced and excreted into the blood from the minimal exchange set							
ApoA1Min	APOA1(s)	MES	APOA1(s)	test that ApoA1 can be produced and excreted into the blood from the minimal exchange set							
ApoB100Min	ApoB100(r)	MES	ApoB100(r)	test that ApoB100 can be produced in the ER from the minimal exchange set							
ApoC1Min	ApoC1(c)	MES	ApoC1(c)	test that cytosolic ApoC1 can be produced from the minimal exchange set							
ApoC2Min	ApoC2(c)	MES	ApoC2(c)	test that cytosolic ApoC2 can be produced from the minimal exchange set							
ApoC3Min	ApoC3(c)	MES	ApoC3(c)	test that cytosolic ApoC3 can be produced from the minimal exchange set							
ApoEMin	ApoE(c)	MES	ApoE(c)	test that cytosolic ApoE can be produced from the minimal exchange set							
PlasminogenMin	Plasminogen(s)	MES	Plasminogen(s)	test that Plasminogen can be produced and excreted into the blood from the minimal exchange set							
ProthrombinMin	Prothrombin(s)	MES	Prothrombin(s)	test that Prothrombin can be produced and excreted into the blood from the minimal exchange set							
ApoTransferinMin	ApoTransferin(s)	MES	ApoTransferin(s)	test that ApoTransferin can be produced and excreted into the blood from the minimal exchange set							
HaptoglobinMin	Haptoglobin(s)	MES	Haptoglobin(s)	test that Haptoglobin can be produced and excreted into the blood from the minimal exchange set							
Apo-ACPMin	Apo-ACP(c)	MES	Apo-ACP(c)	test that cytosolic Apo-ACP can be produced from the minimal exchange set							
Apo-ACPMin(m)	mitoApo-ACP(m)	MES	mitoApo-ACP(m)	test that mitochondrial Apo-ACP can be produced from the minimal exchange set							
CoAMin	CoA(c)	MES	CoA(c)	test that cytosolic CoA can be produced from the minimal exchange set							
Thioredoxin(c)	Thioredoxin(c)	MES	Thioredoxin(c)	test that cytosolic Thioredoxin can be produced from the minimal exchange set							
mitoThioredoxin	mitoThioredoxin(m)	MES	mitoThioredoxin(m)	test that mitochondrial Thioredoxin can be produced from the minimal exchange set							
Glycogenin(c)	Glycogenin(c)	MES	Glycogenin(c)	test that cytosolic Glycogenin can be produced from the minimal exchange set							
Glycogenin-G8(c)	Glycogenin-G8(c)	MES	Glycogenin-G8(c)	test that cytosolic Glycogen can produced from the minimal exchange set							
Glycogenin-G11(c)	Glycogenin-G11(c)	MES	Glycogenin-G11(c)	test that cytosolic Glycogen can produced from the minimal exchange set							
Glycogenin-G4G7(c)	Glycogenin-G4G7(c)	MES	Glycogenin-G4G7(c)	test that cytosolic Glycogen can produced from the minimal exchange set							
Glycogenin-G4G4(c)	Glycogenin-G4G4(c)	MES	Glycogenin-G4G4(c)	test that cytosolic Glycogen can produced from the minimal exchange set							
Glycogenin-G7G1(c)	Glycogenin-G7G1(c)	MES	Glycogenin-G7G1(c)	test that cytosolic Glycogen can produced from the minimal exchange set							
Glycogenin-G7(c)	Glycogenin-G7(c)	MES	Glycogenin-G7(c)	test that cytosolic Glycogen can produced from the minimal exchange set							
Albumin(s)_waste	Albumin(s)	DES	Albumin(s)	test that Albumin can be degraded using the digestion target set							
Antichymotrypsin(s)_waste	Antichymotrypsin(s)	DES	Antichymotrypsin(s)	test that Antichymotrypsin can be degraded using the digestion target set							
Antitrypsin(s)_waste	Antitrypsin(s)	DES	Antitrypsin(s)	test that Antitrypsin can be degraded using the digestion target set							
ApoA1(s)_waste	ApoA1(s)	DES	ApoA1(s)	test that ApoA1 can be degraded using the digestion target set							
Fibrinogen(s)_waste	Fibrinogen(s)	DES	Fibrinogen(s)	test that Fibrinogen can be degraded using the digestion target set							
Haptoglobin(s)_waste	Haptoglobin(s)	DES	Haptoglobin(s)	test that Haptoglobin can be degraded using the digestion target set							
Plasminogen(s)_waste	Plasminogen(s)	DES	Plasminogen(s)	test that Plasminogen can be degraded using the digestion target set							
Prothrombin(s)_waste	Prothrombin(s)	DES	Prothrombin(s)	test that Prothrombin can be degraded using the digestion target set							
ApoTransferin(s)_waste	ApoTransferin(s)	DES	ApoTransferin(s)	test that ApoTransferin can be degraded using the digestion target set							
ApoB100(l)	ApoB100(l)	DES	ApoB100(l)	test that ApoB100 can be degraded using the digestion target set							
Glycogenin(c)_waste	Glycogenin(c)	DES	Glycogenin(c)	test that cytosolic Glycogenin can be degraded							
Glycogenin-G8(c)_waste	Glycogenin-G8(c)	DES	Glycogenin-G8(c)	test that cytosolic Glycogen can degraded							
Glycogenin-G11(c)_waste	Glycogenin-G11(c)	DES	Glycogenin-G11(c)	test that cytosolic Glycogen can degraded							
Glycogenin-G4G7(c)_waste	Glycogenin-G4G7(c)	DES	Glycogenin-G4G7(c)	test that cytosolic Glycogen can degraded							
Glycogenin-G4G4(c)_waste	Glycogenin-G4G4(c)	DES	Glycogenin-G4G4(c)	test that cytosolic Glycogen can degraded							
Glycogenin-G7G1(c)_waste	Glycogenin-G7G1(c)	DES	Glycogenin-G7G1(c)	test that cytosolic Glycogen can degraded							
Glycogenin-G7(c)_waste	Glycogenin-G7(c)	DES	Glycogenin-G7(c)	test that cytosolic Glycogen can degraded							
VLDL(s)	VLDL(s)	MES	VLDL(s)	synthesis of VLDL particle from minimal exchange set and excretion into blood							
HDL(s)	HDL(s)	MES	HDL(s)	synthesis of HDL particle from minimal exchange set and excretion into blood							
Cardiolipin(m)	CL-pool(m)	MES	CL-pool(m)	synthesis of mitochondrial Cardiolipin from minimal exchange set							
Farnesyl-PP(p)	Farnesyl-PP(p)	MES	Farnesyl-PP(p)	synthesis of farnesyl diphosphate in the peroxysome from minimal exchange set							
Glycerol	Glycerol(c)	MES	Glycerol(c)	synthesis of glycerol in the cytosol							
LacCer-pool(r)	LacCer-pool(r)	MES	LacCer-pool(r)	synthesis of Lactosyl ceramide-pool in the ER from the minimal exchange set							
Palmitate(c)	Palmitate(c)	MES	Palmitate(c)	synthesis of cytosolic palmitate from the minimal exchange set							
Stearate(c)	Stearate(c)	MES	Stearate(c)	synthesis of cytosolic stearate from the minimal exchange set							
Oleate(c)	Oleate(c)	MES	Oleate(c)	synthesis of cytosolic oleate from the minimal exchange set							
PC-bile	Bile-PC-pool(b)	MES	Bile-PC-pool(b)	pooled PC in bile specific FA content, synthesis from minimal exchange set and excretion into bile							
PS-bile	PS-VLDL-pool(b)	MES	PS-VLDL-pool(b)	pooled PS, synthesis from minimal exchange set and excretion into bile							
PE-bile	PE-VLDL-pool(b)	MES	PE-VLDL-pool(b)	pooled PE, synthesis from minimal exchange set and excretion into bile							
SM-bile	SM-pool(b)	MES	SM-pool(b)	pooled SM, synthesis from minimal exchange set and excretion into bile							
Glycocholate(b)	Glycocholate(b)	MES	Glycocholate(b)	Glycocholate synthesis from minimal exchange set and excretion into bile							
Glycochenodeoxycholate(b)	Glycochenodeoxycholate(b)	MES	Glycochenodeoxycholate(b)	Glycochenodeoxycholate synthesis from minimal exchange set and excretion into bile							
Taurocholate(b)	Taurocholate(b)	MES	Taurocholate(b)	Taurocholate synthesis from minimal exchange set and excretion into bile							
Chenodiol(b)	Chenodiol(b)	MES	Chenodiol(b)	Chenodiol synthesis from minimal exchange set and excretion into bile							
Cholesterol(b)	Cholesterol(b)	MES	Cholesterol(b)	Cholesterol synthesis from minimal exchange set and excretion into bile							
Bilirubin-way	Bilirubin-bisglucuronoside(b)	MES -Bilirubin(s)	Bilirubin(s)	test the import of blood Bilirubin and the bile excretion of conjugated Bilirubin 							
Mannose-1P(c)	Mannose-1P(c)	MES	Mannose-1P(c)	test that cytosolic Mannose-1P can be produced from the minimal exchange set							
Mannose-6P(c)	Mannose-6P(c)	MES	Mannose-6P(c)	test that cytosolic Mannose-6P can be produced from the minimal exchange set							
Fructose-6P(c)	Fructose-6P(c)	MES	Fructose-6P(c)	test that cytosolic Fructose-6P can be produced from the minimal exchange set							
D-4-Phosphopantothenate(c)	D-4-Phosphopantothenate(c)	MES	D-4-Phosphopantothenate(c)	test that cytosolic D-4-Phosphopantothenate can be produced from the minimal exchange set							
PAPS(c)	PAPS(c)	MES	PAPS(c)	test that cytosolic PAPS can be produced from the minimal exchange set							
PAP_degradation	PAP(c)	=H2O(s) +Pi(c) +AMP(c)	PAP(c)	test that cytosolic PAPcan be degraded to AMP and phosphate							
Tetrahydrobiopterin(c)	Tetrahydrobiopterin(c)	MES	Tetrahydrobiopterin(c)	test that cytosolic Tetrahydrobiopterin can be produced from the minimal exchange set							
Dihydrobiopterin(c)	Dihydrobiopterin(c)	MES	Dihydrobiopterin(c)	test that cytosolic Dihydrobiopterin can be produced from the minimal exchange set							
5,10-Methylene-THF(c)	5,10-Methylene-THF(c)	MES	5,10-Methylene-THF(c)	test that cytosolic 5,10-Methylene-THF can be produced from the minimal exchange set							
N-Acetylglucosamine-6P(c)	N-Acetylglucosamine-6P(c)	MES	N-Acetylglucosamine-6P(c)	test that cytosolic N-Acetylglucosamine-6P can be produced from the minimal exchange set							
THF(c)	THF(c)	MES	THF(c)	test that cytosolic THF can be produced from the minimal exchange set							
THF(m)	THF(m)	MES	THF(m)	test that mitochondrial THF can be produced from the minimal exchange set							
10-Formyl-THF(c)	10-Formyl-THF(c)	MES	10-Formyl-THF(c)	test that cytosolic 10-Formyl-THF can be produced from the minimal exchange set							
Acetoacetate(s)	Acetoacetate(s)	MES	Acetoacetate(s)	test that Acetoacetate can be produced and excreted into the blood from the minimal exchange set							
Acetone(s)	Acetone(s)	MES	Acetone(s)	test that Acetone can be produced and excreted into the blood from the minimal exchange set							
Chitin_degradation	Chitin-component(s)	DES	Chitin-component(s)	test that Chitin can be degraded using the digestion target set							
FAD(s)	FAD(s)	MES	FAD(s)	test that FAD can be produced and excreted into the blood from the minimal exchange set							
Pyridoxal-P(c)	Pyridoxal-P(c)	MES	Pyridoxal-P(c)	test that cytosolic Pyridoxal-P can be produced from the minimal exchange set							
S-Adenosylmethioninamine(c)	S-Adenosylmethioninamine(c)	MES	S-Adenosylmethioninamine(c)	test that cytosolic S-Adenosylmethioninamine can be produced from the minimal exchange set							
Putrescine(c)	Putrescine(c)	MES	Putrescine(c)	test that cytosolic Putrescine can be produced from the minimal exchange set							
Spermidine	Spermidine(s)	MES +Methylthioribose-1P(c)	Spermidine(s)	test that cytosolic Spermidine can be produced from the minimal exchange set while the cytosolic dump of Methylthioribose-1P is allowed							
Spermine	Spermine(s)	MES +Methylthioribose-1P(c)	Spermine(s)	test that cytosolic Spermine can be produced from the minimal exchange set while the cytosolic dump of Methylthioribose-1P is allowed							
Methylthioribose-1P(c)	Methylthioribose-1P(c)	+Spermidine(s) MES	Methylthioribose-1P(c)	test that cytosolic Methylthioribose-1P can be produced from the minimal exchange set while the cytosolic dump of Spermidine is allowed							
Ammonia_to_urea	NH3(s)	-O2(s) -Glucose(s) +CO2(s) =H2O(s) +Urea(s)	NH3(s)	test the conversion of imported ammonium to excreted urea while the oxidation of glucose to CO2 is allowed							
Ammonia_to_gln	NH3(s)	-Glutamate(s) +Glutamine(s) =H2O(s) -Glucose(s) +CO2(s) -O2(s)	NH3(s)	test the conversion of imported ammonium to excreted glutamine while the uptake of glutamate is allowed							
Ammonia_to_glu	NH3(s)	+Glutamate(s) =H2O(s) -Glucose(s) +CO2(s) -O2(s)	NH3(s)	test the conversion of imported ammonium to excreted glutamate is allowed							
Ammonia_to_ala	NH3(s)	+Alanine(s) =H2O(s) -Glucose(s) +CO2(s) -O2(s)	NH3(s)	test the conversion of imported ammonium to excreted alanine is allowed							
Ammonia_adlib	NH3(s)	-O2(s) -Alanine(s) =Glucose(s) -Glutamate(s) -Aspartate(s) -Malate(c) -AKG(s) +CO2(s) +Urea(s) +Glutamine(s) +ATP-energy(c) +NADH-redox-potential(c) +NADPH-redox-potential(c)	NH3(s)	test that ammonium can be converted while uptake of alanine glucose glutamate oxygene and the excretion of urea glutamine CO2 glucose is allowed							
NAD(c)	NAD+(c)	MES	NAD+(c)	test that cytosolic NAD+ can be produced from the minimal exchange set							
NADP(c)	NADP+(c)	MES	NADP+(c)	test that cytosolic NADP+ can be produced from the minimal exchange set							
O2(s)_waste	O2(s)	DES	O2(s)	test that O2 can be degraded using the digestion target set							
CO2(s)_waste	CO2(s)	DES	CO2(s)	test that CO2 can be degraded using the digestion target set							
PPi(c)_waste	Ppi(c)	DES	PPi(c)	test that PPi can be degraded using the digestion target set							
NH3(s)_waste	NH3(s)	DES	NH3(s)	test that NH3 can be degraded using the digestion target set							
FAD(s)_waste	FAD(s)	DES	FAD(s)	test that FAD can be degraded using the digestion target set							
Pyruvate(s)_waste	Pyruvate(s)	DES	Pyruvate(s)	test that Pyruvate can be degraded using the digestion target set							
Glutamate(s)_waste	Glutamate(s)	DES	Glutamate(s)	test that Glutamate can be degraded using the digestion target set							
AKG(s)_waste	AKG(s)	DES	AKG(s)	test that AKG can be degraded using the digestion target set							
Glucose(s)_waste	Glucose(s)	DES	Glucose(s)	test that Glucose can be degraded using the digestion target set							
Acetate(s)_waste	Acetate(s)	DES	Acetate(s)	test that Acetate can be degraded using the digestion target set							
GDP(s)_waste	GDP(s)	DES	GDP(s)	test that GDP can be degraded using the digestion target set							
Glycine(s)_waste	Glycine(s)	DES	Glycine(s)	test that Glycine can be degraded using the digestion target set							
Alanine(s)_waste	Alanine(s)	DES	Alanine(s)	test that Alanine can be degraded using the digestion target set							
Succinate(s)_waste	Succinate(s)	DES	Succinate(s)	test that Succinate can be degraded using the digestion target set							
UDP-N-acetylglucosamine(c)_waste	UDP-N-acetylglucosamine(c)	DES	UDP-N-acetylglucosamine(c)	test that UDP-N-acetylglucosamine can be degraded using the digestion target set							
GTP(s)_waste	GTP(s)	DES	GTP(s)	test that GTP can be degraded using the digestion target set							
Aspartate(s)_waste	Aspartate(s)	DES	Aspartate(s)	test that Aspartate can be degraded using the digestion target set							
GSH(s)_waste	GSH(s)	DES	GSH(s)	test that GSH can be degraded using the digestion target set							
CMP(s)_waste	CMP(s)	DES	CMP(s)	test that CMP can be degraded using the digestion target set							
Formate(c)_waste	Formate(c)	DES	Formate(c)	test that Formate can be degraded using the digestion target set							
Arginine(s)_waste	Arginine(s)	DES	Arginine(s)	test that Arginine can be degraded using the digestion target set							
CTP(s)_waste	CTP(s)	DES	CTP(s)	test that CTP can be degraded using the digestion target set							
Glutamine(s)_waste	Glutamine(s)	DES	Glutamine(s)	test that Glutamine can be degraded using the digestion target set							
Serine(s)_waste	Serine(s)	DES	Serine(s)	test that Serine can be degraded using the digestion target set							
PEP(c)_waste	PEP(c)	DES	PEP(c)	test that PEP can be degraded using the digestion target set							
UTP(s)_waste	UTP(s)	DES	UTP(s)	test that UTP can be degraded using the digestion target set							
Ornithine(s)_waste	Ornithine(s)	DES	Ornithine(s)	test that Ornithine can be degraded using the digestion target set							
Tryptophan(s)_waste	Tryptophan(s)	DES	Tryptophan(s)	test that Tryptophan can be degraded using the digestion target set							
Phenylalanine(s)_waste	Phenylalanine(s)	DES	Phenylalanine(s)	test that Phenylalanine can be degraded using the digestion target set							
Tyrosine(s)_waste	Tyrosine(s)	DES	Tyrosine(s)	test that Tyrosine can be degraded using the digestion target set							
Acetaldehyde(s)_waste	Acetaldehyde(s)	DES	Acetaldehyde(s)	test that Acetaldehyde can be degraded using the digestion target set							
Sucrose(s)_waste	Sucrose(s)	DES	Sucrose(s)	test that Sucrose can be degraded using the digestion target set							
Glucose-6P(c)_waste	Glucose-6P(c)	DES	Glucose-6P(c)	test that Glucose-6P can be degraded using the digestion target set							
sn-Glycerol-3P(c)_waste	sn-Glycerol-3P(c)	DES	sn-Glycerol-3P(c)	test that sn-Glycerol-3P can be degraded using the digestion target set							
Sulfite(c)_waste	Sulfite(c)	DES	Sulfite(c)	test that Sulfite can be degraded using the digestion target set							
Fructose(s)_waste	Fructose(s)	DES	Fructose(s)	test that Fructose can be degraded using the digestion target set							
Cysteine(s)_waste	Cysteine(s)	DES	Cysteine(s)	test that Cysteine can be degraded using the digestion target set							
beta-Alanine(s)_waste	beta-Alanine(s)	DES	beta-Alanine(s)	test that beta-Alanine can be degraded using the digestion target set							
Uracil(s)_waste	Uracil(s)	DES	Uracil(s)	test that Uracil can be degraded using the digestion target set							
CDP(s)_waste	CDP(s)	DES	CDP(s)	test that CDP can be degraded using the digestion target set							
Glycerol(s)_waste	Glycerol(s)	DES	Glycerol(s)	test that Glycerol can be degraded using the digestion target set							
Ribose(s)_waste	Ribose(s)	DES	Ribose(s)	test that Ribose can be degraded using the digestion target set							
Galactose(s)_waste	Galactose(s)	DES	Galactose(s)	test that Galactose can be degraded using the digestion target set							
Inositol(s)_waste	Inositol(s)	DES	Inositol(s)	test that Inositol can be degraded using the digestion target set							
GMP(s)_waste	GMP(s)	DES	GMP(s)	test that GMP can be degraded using the digestion target set							
Adenine(s)_waste	Adenine(s)	DES	Adenine(s)	test that Adenine can be degraded using the digestion target set							
Proline(s)_waste	Proline(s)	DES	Proline(s)	test that Proline can be degraded using the digestion target set							
Malate(c)_waste	Malate(c)	DES	Malate(c)	test that Malate can be degraded using the digestion target set							
Asparagine(s)_waste	Asparagine(s)	DES	Asparagine(s)	test that Asparagine can be degraded using the digestion target set							
Citrate(s)_waste	Citrate(s)	DES	Citrate(s)	test that Citrate can be degraded using the digestion target set							
Mannose(s)_waste	Mannose(s)	DES	Mannose(s)	test that Mannose can be degraded using the digestion target set							
Propanoate(s)_waste	Propanoate(s)	DES	Propanoate(s)	test that Propanoate can be degraded using the digestion target set							
Acetoacetate(s)_waste	Acetoacetate(s)	DES	Acetoacetate(s)	test that Acetoacetate can be degraded using the digestion target set							
Valine(s)_waste	Valine(s)	DES	Valine(s)	test that Valine can be degraded using the digestion target set							
L-Lactate(s)_waste	L-Lactate(s)	DES	L-Lactate(s)	test that L-Lactate can be degraded using the digestion target set							
Ethanolamine(c)_waste	Ethanolamine(c)	DES	Ethanolamine(c)	test that Ethanolamine can be degraded using the digestion target set							
UDP-N-acetyl-D-galactosamine(c)_waste	UDP-N-acetyl-D-galactosamine(c)	DES	UDP-N-acetyl-D-galactosamine(c)	test that UDP-N-acetyl-D-galactosamine can be degraded using the digestion target set							
Maltose(s)_waste	Maltose(s)	DES	Maltose(s)	test that Maltose can be degraded using the digestion target set							
Adenosine(s)_waste	Adenosine(s)	DES	Adenosine(s)	test that Adenosine can be degraded using the digestion target set							
Guanine(s)_waste	Guanine(s)	DES	Guanine(s)	test that Guanine can be degraded using the digestion target set							
Lactose(s)_waste	Lactose(s)	DES	Lactose(s)	test that Lactose can be degraded using the digestion target set							
Taurine(s)_waste	Taurine(s)	DES	Taurine(s)	test that Taurine can be degraded using the digestion target set							
Palmitate(s)_waste	Palmitate(s)	DES	Palmitate(s)	test that Palmitate can be degraded using the digestion target set							
Isomaltose(s)_waste	Isomaltose(s)	DES	Isomaltose(s)	test that Isomaltose can be degraded using the digestion target set							
H2S(s)_waste	H2S(s)	DES	H2S(s)	test that H2S can be degraded using the digestion target set							
Inosine(s)_waste	Inosine(s)	DES	Inosine(s)	test that Inosine can be degraded using the digestion target set							
Orotate(s)_waste	Orotate(s)	DES	Orotate(s)	test that Orotate can be degraded using the digestion target set							
Uridine(s)_waste	Uridine(s)	DES	Uridine(s)	test that Uridine can be degraded using the digestion target set							
Citrulline(s)_waste	Citrulline(s)	DES	Citrulline(s)	test that Citrulline can be degraded using the digestion target set							
Glucosamine(s)_waste	Glucosamine(s)	DES	Glucosamine(s)	test that Glucosamine can be degraded using the digestion target set							
Deoxyguanosine(s)_waste	Deoxyguanosine(s)	DES	Deoxyguanosine(s)	test that Deoxyguanosine can be degraded using the digestion target set							
Guanosine(s)_waste	Guanosine(s)	DES	Guanosine(s)	test that Guanosine can be degraded using the digestion target set							
Histidine(s)_waste	Histidine(s)	DES	Histidine(s)	test that Histidine can be degraded using the digestion target set							
Ethanol(s)_waste	Ethanol(s)	DES	Ethanol(s)	test that Ethanol can be degraded using the digestion target set							
Cytidine(s)_waste	Cytidine(s)	DES	Cytidine(s)	test that Cytidine can be degraded using the digestion target set							
Cystine(s)_waste	Cystine(s)	DES	Cystine(s)	test that Cystine can be degraded using the digestion target set							
Methionine(s)_waste	Methionine(s)	DES +Taurine(c)	Methionine(s)	test that Methionine can be degraded using the digestion target set							
Deoxyuridine(s)_waste	Deoxyuridine(s)	DES	Deoxyuridine(s)	test that Deoxyuridine can be degraded using the digestion target set							
Methylglyoxal(s)_waste	Methylglyoxal(s)	DES	Methylglyoxal(s)	test that Methylglyoxal can be degraded using the digestion target set							
Deoxyadenosine(s)_waste	Deoxyadenosine(s)	DES	Deoxyadenosine(s)	test that Deoxyadenosine can be degraded using the digestion target set							
Pantothenate(s)_waste	Pantothenate(s)	DES +CoA(c)	Pantothenate(s)	test that Pantothenate can be degraded using the digestion target set							
Deoxycytidine(s)_waste	Deoxycytidine(s)	DES	Deoxycytidine(s)	test that Deoxycytidine can be degraded using the digestion target set							
Trehalose(s)_waste	Trehalose(s)	DES	Trehalose(s)	test that Trehalose can be degraded using the digestion target set							
NH4+(s)_waste	NH4+(s)	DES	NH4+(s)	test that NH4+ can be degraded using the digestion target set							
Cys-Gly(s)_waste	Cys-Gly(s)	DES	Cys-Gly(s)	test that Cys-Gly can be degraded using the digestion target set							
Stearate(s)_waste	Stearate(s)	DES	Stearate(s)	test that Stearate can be degraded using the digestion target set							
L-Cystathionine(c)_waste	L-Cystathionine(c)	DES	L-Cystathionine(c)	test that L-Cystathionine can be degraded using the digestion target set							
Lactose-6P(s)_waste	Lactose-6P(s)	DES	Lactose-6P(s)	test that Lactose-6P can be degraded using the digestion target set							
Galactosylglycerol(s)_waste	Galactosylglycerol(s)	DES	Galactosylglycerol(s)	test that Galactosylglycerol can be degraded using the digestion target set							
Alanine(l)_waste	Alanine(l)	DES	Alanine(l)	test that Alanine can be degraded using the digestion target set							
2-Lysolecithin-pool(l)	2-Lysolecithin-pool(l)	DES	2-Lysolecithin-pool(l)	test that 2-Lysolecithin-pool can be degraded using the digestion target set							
Cholesterol(l)	Cholesterol(l)	DES	Cholesterol(l)	test that Cholesterol can be degraded using the digestion target set							
Arachidonate(l)	Arachidonate(l)	DES	Arachidonate(l)	test that Arachidonate can be degraded using the digestion target set							
Cholesterol-ester-arach(l)	Cholesterol-ester-arach(l)	DES	Cholesterol-ester-arach(l)	test that Cholesterol-ester-arach can be degraded using the digestion target set							
Cholesterol-ester-stea(l)	Cholesterol-ester-stea(l)	DES	Cholesterol-ester-stea(l)	test that Cholesterol-ester-stea can be degraded using the digestion target set							
Cholesterol-ester-lin(l)	Cholesterol-ester-lin(l)	DES	Cholesterol-ester-lin(l)	test that Cholesterol-ester-lin can be degraded using the digestion target set							
Cholesterol-ester-palm(l)	Cholesterol-ester-palm(l)	DES	Cholesterol-ester-palm(l)	test that Cholesterol-ester-palm can be degraded using the digestion target set							
Cholesterol-ester-ol(l)	Cholesterol-ester-ol(l)	DES	Cholesterol-ester-ol(l)	test that Cholesterol-ester-ol can be degraded using the digestion target set							
Cholesterol-ester-pool(l)	Cholesterol-ester-pool(l)	DES	Cholesterol-ester-pool(l)	test that Cholesterol-ester-pool can be degraded using the digestion target set							
1,2-Diacylglycerol-VLDL-PC-pool(c)	1,2-Diacylglycerol-VLDL-PC-pool(c)	DES	1,2-Diacylglycerol-VLDL-PC-pool(c)	test that 1,2-Diacylglycerol-VLDL-PC-pool can be degraded using the digestion target set							1,2-Diacylglycerol-VLDL-PC-pool(c)
Phosphatidate-VLDL-PC-pool(c)	Phosphatidate-VLDL-PC-pool(c)	DES	Phosphatidate-VLDL-PC-pool(c)	test that Phosphatidate-VLDL-PC-pool can be degraded using the digestion target set							
PC-VLDL-pool(l)	PC-VLDL-pool(l)	DES	PC-VLDL-pool(l)	test that PC-VLDL-pool can be degraded using the digestion target set							
PS-VLDL-pool(l)	PS-VLDL-pool(l)	DES	PS-VLDL-pool(l)	test that PS-VLDL-pool can be degraded using the digestion target set							
PE-VLDL-pool(l)	PE-VLDL-pool(l)	DES	PE-VLDL-pool(l)	test that PE-VLDL-pool can be degraded using the digestion target set							
Fatty-acid-VLDL-SM-pool(c)	Fatty-acid-VLDL-SM-pool(c)	DES	Fatty-acid-VLDL-SM-pool(c)	test that Fatty-acid-VLDL-SM-pool can be degraded using the digestion target set							
Fatty-acid-VLDL-SM-pool(s)	Dihydroceramide-pool(c)	DES	Dihydroceramide-pool(c)	test that Dihydroceramide-pool can be degraded using the digestion target set							Dihydroceramide-pool(c)
Sphinganine(c)	Sphinganine(c)	DES	Sphinganine(c)	test that Sphinganine can be degraded using the digestion target set							
Ceramide-pool(c)	Ceramide-pool(c)	DES	Ceramide-pool(c)	test that Ceramide can be degraded using the digestion target set							Ceramide-pool(c)
SM-pool(l)	SM-pool(l)	DES	SM-pool(l)	test that SM-pool can be degraded using the digestion target set							
CDP-diacylglycerol-VLDL-PI-pool(l)	CDP-diacylglycerol-VLDL-PI-pool(l)	DES	CDP-diacylglycerol-VLDL-PI-pool(l)	test that CDP-diacylglycerol-VLDL-PI-pool can be degraded using the digestion target set							
PI-pool(l)	PI-pool(l)	DES	PI-pool(l)	test that PI-pool can be degraded using the digestion target set							
LDL(s)_waste	LDL(s)	DES	LDL(s)	test that LDL can be degraded using the digestion target set							
HDL(s)_waste	HDL(s)	DES	HDL(s)	test that HDL can be degraded using the digestion target set							
VLDL(s)_waste	VLDL(s)	DES	VLDL(s)	test that VLDL can be degraded using the digestion target set							
Lysine(s)_waste	Lysine(s)	DES	Lysine(s)	test that Lysine can be degraded using the digestion target set							
Formaldehyde(s)_waste	Formaldehyde(s)	DES	Formaldehyde(s)	test that Formaldehyde can be degraded using the digestion target set							
Leucine(s)_waste	Leucine(s)	DES	Leucine(s)	test that Leucine can be degraded using the digestion target set							
Methanol(s)_waste	Methanol(s)	DES	Methanol(s)	test that Methanol can be degraded using the digestion target set							
Threonine(s)_waste	Threonine(s)	DES	Threonine(s)	test that Threonine can be degraded using the digestion target set							
Riboflavin(s)_waste	Riboflavin(s)	DES +FAD(c)	Riboflavin(s)	test that Riboflavin can be degraded using the digestion target set							
Isoleucine(s)_waste	Isoleucine(s)	DES	Isoleucine(s)	test that Isoleucine can be degraded using the digestion target set							
Bilirubin(s)_waste	Bilirubin(s)	DES +Bilirubin-bisglucuronoside(b)	Bilirubin(s)	test that Bilirubin can be degraded using the digestion target set							
Xanthine(c)_waste	Xanthine(c)	DES	Xanthine(c)	test that Xanthine can be degraded using the digestion target set							
Hypoxanthine(s)_waste	Hypoxanthine(s)	DES	Hypoxanthine(s)	test that Hypoxanthine can be degraded using the digestion target set							
IMP(c)_waste	IMP(c)	DES	IMP(c)	test that cytosolic IMP can be degraded using the digestion target set							
AMP(c)_waste	AMP(c)	DES	AMP(c)	test that cytosolic AMP can be degraded using the digestion target set							
ADP(c)_waste	ADP(c)	DES	ADP(c)	test that ADP can be degraded using the digestion target set							
ATP(s)_waste	ATP(s)	DES	ATP(s)	test that ATP can be degraded using the digestion target set							
Acetyl-CoA(c)_waste	Acetyl-CoA(c)	DES +CoA(c)	Acetyl-CoA(c)	test that Acetyl-CoA can be degraded using the digestion target set							
Farnesyl_Statin	Farnesyl-PP(p)	MES 	exclude(s)	tests that no faresyl diphosphate can be produced if HMG-CoA reductase is inhibited (statin target)							
Cholesterol_Statin	Cholesterol(b)	MES 	exclude(s)	tests that no ATP can be rephosphosphorylated if no oxygene is given							
Hypoxic liver	ATP(c)	HES +ADP(c)	exclude(s)	tests that no galactose can be degraded for the enzyme deficiency specific to Galactosemia 1							
GlycogenoseI	Glucose(s)	-Glycogenin-G11(c) -O2(s) +CO2(s) -ADP(c) =Pi(c)  	exclude(s)	tests that no galactose can be degraded for the enzyme deficiency specific to Galactosemia 2							
Galactosemia1	Galactose(s)	WES	exclude(s)	tests that no galactose can be degraded for the enzyme deficiency specific to Galactosemia 3							
Galactosemia2	Galactose(s)	WES	exclude(s)	tests that no lactose can be degraded for the enzyme deficiency specific to Lactose intolerance							
Galactosemia3	Galactose(s)	WES	exclude(s)	tests that no sucrose can be degraded for the enzyme deficiency specific to Sucrose intolerance							
LactoseIntolerance	GaLactose(s)	WES	exclude(s)								
Sucroseintolerance	Sucrose(s)	WES	exclude(s)								
Aerobic rephosphorylation of ATP from glucose	ATP(c)	-Glucose(s) -Pi(c) -ADP(c) +CO2(s) -O2(s) =H2O(s)	Glucose(s) 								
Aerobic rephosphorylation of ATP from a fatty acid	ATP(c)	-Palmitate(s) -Pi(c) -ADP(c) +CO2(s) -O2(s) =H2O(s)	ATP(c) Palmitate(s) O2(s)								
Aerobic rephosphorylation of GTP	GTP(c)	-Glucose(s) -Pi(c) -GDP(c) +CO2(s) -O2(s) =H2O(s)	GTP(c) O2(s)								
Aerobic rephosphorylation of CTP	CTP(c)	-Glucose(s) -Pi(c) -UTP(c) -CDP(c) =Glutamine(s) =Glutamate(s) +CO2(s) -O2(s) =H2O(s)	CTP(c) O2(s)								
Aerobic rephosphorylation of UTP	UTP(c)	-Glucose(s) -Pi(c) -UDP(c) +CO2(s) -O2(s) =H2O(s)	UTP(c) O2(s)								
Anaerobic rephosphorylation of ATP	ATP(c)	-Glucose(s) -Pi(c) -ADP(c) +L-Lactate(s) +CO2(s) =H2O(s)	ATP(c) L-Lactate(s)								
Anaerobic rephosphorylation of GTP	GTP(c)	-Glucose(s) -Pi(c) -GDP(c) +L-Lactate(s) +CO2(s) =H2O(s)	GTP(c) L-Lactate(s)								
Anaerobic rephosphorylation of CTP	CTP(c)	-Glucose(s) -Pi(c) -CDP(c) +L-Lactate(s) +CO2(s) =H2O(s)	CTP(c) L-Lactate(s)								
Anaerobic rephosphorylation of UTP	UTP(c)	-Glucose(s) -Pi(c) -UDP(c) +L-Lactate(s) +CO2(s) =H2O(s)	UTP(c) L-Lactate(s)								
ATP	ATP(c)	MIPES	ATP(c)								
CTP	CTP(c)	MIPES	CTP(c)								
GTP	GTP(c)	MIPES	GTP(c)								
UTP	UTP(c)	MIPES	UTP(c)								
dATP	dATP(c)	MIPES	dATP(c)								
dCTP	dCTP(c)	MIPES	dCTP(c)								
dGTP	dGTP(c)	MIPES	dGTP(c)								
dTTP	dTTP(c)	MIPES	dTTP(c)								
ATP salvage from Adenosine	ATP(c)	-Adenosine(c) -Glucose(s) -Pi(s) +CO2(s) -O2(s) =H2O(s)	ATP(c) Adenosine(c)								
ATP salvage from Hypoxanthine	ATP(c)	-Hypoxanthine(c) -Glucose(s) -Pi(s) -Glutamine(s) +CO2(s) -O2(s) =H2O(s)	ATP(c) Hypoxanthine(c)								
dTTP salvage from Thymine	dTTP(c)	-Thymine(c) -Glucose(s) -Pi(s) +CO2(s) -O2(s) =H2O(s)	dTTP(c) Thymine(c)								
Aerobic reduction of NAD+	NADH(c)	-Glucose(s) -NAD+(c) +CO2(s) -O2(s) =H2O(s)	NADH(c) NAD+(c) O2(s)								
Aerobic reduction of NADP+	NADPH(c)	-Glucose(s) -NADP+(c) +CO2(s) -O2(s) =H2O(s)	NADPH(c) NADP+(c) O2(s)								
Gluconeogenese from Lactate	Glucose(s)	-L-Lactate(s) +CO2(s) -O2(s) =H2O(s)	Glucose(s) L-Lactate(s)								
Gluconeogenese from Glycerol	Glucose(s)	-Glycerol(s) +CO2(s) -O2(s) =H2O(s)	Glucose(s) Glycerol(s)								
Gluconeogenese from Alanine	Glucose(s)	-Alanine(s) +CO2(s) -O2(s) =H2O(s) +Urea(s) -Palmitate(s)	Glucose(s) Alanine(s)								
Gluconeogenese from Lactate and optionally fatty acid	Glucose(s)	-Palmitate(s) -L-Lactate(s) +CO2(s) -O2(s) =H2O(s)	Glucose(s) L-Lactate(s)								
Gluconeogenese from Glycerol and optionally fatty acid	Glucose(s)	-Palmitate(s) -Glycerol(s) +CO2(s) -O2(s) =H2O(s)	Glucose(s) Glycerol(s)								
Gluconeogenese from Alanine and optionally fatty acid	Glucose(s)	-Palmitate(s) -Alanine(s) +Urea(s) +CO2(s) -O2(s) =H2O(s)	Glucose(s) Alanine(s)								
Storage of glucose in Glycogen	Glycogenin-G4G7(c)	-Glycogenin(c) -Glucose(s) -O2(s) +CO2(s) =H2O(s)	Glycogenin-G4G7(c) Glucose(s)								
Release of glucose from Glycogen	Glucose(s)	-Glycogenin-G4G7(c) +Glycogenin(c) -O2(s) +CO2(s) =H2O(s)	Glycogenin-G4G7(c) Glucose(s)								
Fructose degradation	Fructose(s)	+ATP(c) -Pi(c) -ADP(c) +L-Lactate(s) +CO2(s) =H2O(s) =NADH(c) =NADPH(c) =NAD+(c) =NADP+(c)	Fructose(s)								
Galactose degradation	Galactose(s)	+ATP(c) -Pi(c) -ADP(c) +L-Lactate(s) +CO2(s) =H2O(s) =NADH(c) =NADPH(c) =NAD+(c) =NADP+(c)	Galactose(s)								
UDP-glucose	UDP-glucose(c)	MIPES	UDP-glucose(c)								
UDP-galactose	UDP-galactose(c)	MIPES	UDP-galactose(c)								
UDP-glucuronate	UDP-glucuronate(c)	MIPES	UDP-glucuronate(c)								
GDP-L-fucose	GDP-L-fucose(c)	MIPES	GDP-L-fucose(c)								
GDP-mannose	GDP-mannose(c)	MIPES	GDP-mannose(c)								
UDP-N-acetyl-D-galactosamine	UDP-N-acetyl-D-galactosamine(c)	MIPES	UDP-N-acetyl-D-galactosamine(c)								
CMP-N-acetylneuraminate	CMP-N-acetylneuraminate(n)	MIPES	CMP-N-acetylneuraminate(n)								
N-Acetylglucosamine	N-Acetylglucosamine(c)	MIPES	N-Acetylglucosamine(c)								
Glucuronate	Glucuronate(c)	MIPES	Glucuronate(c)								
Alanine	Alanine(c)	MIMES	Alanine(c)								
Arginine	Arginine(c)	MIMES	Arginine(c)								
Asparagine	Asparagine(c)	MIMES	Asparagine(c)								
Aspartate	Aspartate(c)	MIMES	Aspartate(c)								
Cysteine	Cysteine(c)	MIMES	Cysteine(c)								
Cystine	Cystine(c)	MIMES	Cystine(c)								
Glutamate	Glutamate(c)	MIMES	Glutamate(c)								
Glycine	Glycine(c)	MIMES	Glycine(c)								
Glutamine	Glutamine(c)	MIMES	Glutamine(c)								
Proline	Proline(c)	MIMES	Proline(c)								
Serine	Serine(c)	MIMES	Serine(c)								
Tyrosine	Tyrosine(c)	MIMES	Tyrosine(c)								
Alanine degradation	Alanine(c)	-Palmitate(s) -O2(s) +ATP(c) -ADP(c) -Pi(c) =H2O(s) +Urea(s) +CO2(s)	Alanine(c)								
Arginine degradation	Arginine(c)	-Palmitate(s) -O2(s) +ATP(c) -ADP(c) -Pi(c) =H2O(s) +Urea(s) +CO2(s)	Arginine(c)								
Asparagine degradation	Asparagine(c)	-Palmitate(s) -O2(s) +ATP(c) -ADP(c) -Pi(c) =H2O(s) +Urea(s) +CO2(s)	Asparagine(c)								
Aspartate degradation	Aspartate(c)	-Palmitate(s) -O2(s) +ATP(c) -ADP(c) -Pi(c) =H2O(s) +Urea(s) +CO2(s)	Aspartate(c)								
Cysteine degradation	Cysteine(c)	-Palmitate(s) -O2(s) +ATP(c) -ADP(c) -Pi(c) =H2O(s) +Urea(s) +H2S(s) +CO2(s)	Cysteine(c)								
Glutamate degradation	Glutamate(c)	-Palmitate(s) -O2(s) +ATP(c) -ADP(c) -Pi(c) =H2O(s) +Urea(s) +CO2(s)	Glutamate(c)								
Glycine degradation	Glycine(c)	-Palmitate(s) -O2(s) +ATP(c) -ADP(c) -Pi(c) =H2O(s) +Urea(s) -Methionine(s) +H2S(s) +CO2(s)	Glycine(c)								
Histidine degradation	Histidine(c)	-Palmitate(s) -O2(s) +ATP(c) -ADP(c) -Pi(c) =H2O(s) +Urea(s) +CO2(s)	Histidine(c)								
Isoleucine degradation	Isoleucine(c)	-Palmitate(s) -O2(s) +ATP(c) -ADP(c) -Pi(c) =H2O(s) +Urea(s) +CO2(s)	Isoleucine(c)								
Glutamine degradation	Glutamine(c)	-Palmitate(s) -O2(s) +ATP(c) -ADP(c) -Pi(c) =H2O(s) +Urea(s) +CO2(s)	Glutamine(c)								
Leucine degradation	Leucine(c)	-Palmitate(s) -O2(s) +ATP(c) -ADP(c) -Pi(c) =H2O(s) +Urea(s) +CO2(s)	Leucine(c)								
Lysine degradation	Lysine(c)	-Palmitate(s) -O2(s) +ATP(c) -ADP(c) -Pi(c) =H2O(s) +Urea(s) +CO2(s)	Lysine(c)								
Methionine degradation	Methionine(c)	-Palmitate(s) -O2(s) +ATP(c) -ADP(c) -Pi(c) =H2O(s) +Urea(s) -Serine(s) +H2S(s) +CO2(s)	Methionine(c)								
Phenylalanine degradation	Phenylalanine(c)	-Palmitate(s) -O2(s) +ATP(c) -ADP(c) -Pi(c) =H2O(s) +Urea(s) +CO2(s)	Phenylalanine(c)								
Proline degradation	Proline(c)	-Palmitate(s) -O2(s) +ATP(c) -ADP(c) -Pi(c) =H2O(s) +Urea(s) +CO2(s)	Proline(c)								
Serine degradation	Serine(c)	-Palmitate(s) -O2(s) +ATP(c) -ADP(c) -Pi(c) =H2O(s) +Urea(s) +CO2(s)	Serine(c)								
Threonine degradation	Threonine(c)	-Palmitate(s) -O2(s) +ATP(c) -ADP(c) -Pi(c) =H2O(s) +Urea(s) +CO2(s)	Threonine(c)								
Tryptophan degradation	Tryptophan(c)	-Palmitate(s) -O2(s) +ATP(c) -ADP(c) -Pi(c) =H2O(s) +Urea(s) +CO2(s)	Tryptophan(c)								
Tyrosine degradation	Tyrosine(c)	-Palmitate(s) -O2(s) +ATP(c) -ADP(c) -Pi(c) =H2O(s) +Urea(s) +CO2(s)	Tyrosine(c)								
Valine degradation	Valine(c)	-Palmitate(s) -O2(s) +ATP(c) -ADP(c) -Pi(c) =H2O(s) +Urea(s) +CO2(s)	Valine(c)								
Homocysteine degradation	Homocysteine(c)	-Palmitate(s) -O2(s) +ATP(c) -ADP(c) -Pi(c) =H2O(s) +Urea(s) -Serine(s) +H2S(s) +CO2(s)	Homocysteine(c)								
beta-Alanine degradation	beta-Alanine(c)	-Palmitate(s) -O2(s) +ATP(c) -ADP(c) -Pi(c) =H2O(s) +Urea(s) +CO2(s)	beta-Alanine(c)								
Ornithine degradation	Ornithine(c)	-Palmitate(s) -O2(s) +ATP(c) -ADP(c) -Pi(c) =H2O(s) +Urea(s) +CO2(s)	Ornithine(c)								
Albumin	Albumin(s)	PIPES	Albumin(s)								
Urea from alanine	Urea(s)	-O2(s) -Glucose(s) -Alanine(s) +CO2(s) =H2O(s)	Urea(s) Alanine(s)								
Urea from glutamine	Urea(s)	-O2(s) -Glucose(s) -Glutamine(s) +CO2(s) =H2O(s)	Urea(s) Glutamine(s)								
Creatine	Creatine(c)	MIPES	Creatine(c)								
Heme	Heme(c)	MIPES	Heme(c)								
PC	PC-VLDL-pool(c)	PIPES	PC-VLDL-pool(c)		PC-VLDL-pool(c)						
PE	PC-VLDL-pool(c)	PIPES	PE-VLDL-pool(c)		PC-VLDL-pool(c)						
PS	PS-VLDL-pool(c)	PIPES	PS-VLDL-pool(c)		PC-VLDL-pool(c)						
PI	PC-VLDL-pool(c)	PIPES	PI-pool(c)								
Cardiolipin	CL-pool(m)	PIPES	CL-pool(m)								
SM	SM-pool(c)	PIPES	SM-pool(c)								
Ceramide	Ceramide-pool(c)	PIPES	Ceramide-pool(c)		Ceramide-pool(c)						
Lactosylceramide	LacCer-pool(r)	PIPES	LacCer-pool(r)								
CoA	CoA(c)	MIPES	CoA(c)								
NAD	NAD+(c)	MIPES	NAD+(c)								
NADP	NADP+(c)	MIPES	NADP+(c)								
FAD	FAD(c)	MIPES	FAD(c)								
Thioredoxin	Thioredoxin(c)	PIPES	Thioredoxin(c)								
THF	THF(c)	MIPES	THF(c)								
Pyridoxal-P	Pyridoxal-P(c)	MIPES	Pyridoxal-P(c)								
Palmitate	Palmitate(c)	MIPES	Palmitate(c)								
Oleate	Oleate(c)	MIPES	Oleate(c)								
Stearate	Stearate(c)	MIPES	Stearate(c)								
Complete oxidation of oleate	ATP(c)	-Oleate(c) -Pi(c) -ADP(c) +CO2(s) -O2(s) =H2O(s)	ATP(c) Oleate(c)								
Arachidonate from Linoleate	Arachidonate(c)	-Linoleate(s) -Glucose(s) -O2(s) =H2O(s) +CO2(s)	Arachidonate(c) Linoleate(s)								
Triacylglycerol	Triacylglycerol-VLDL-pool(r)	PIPES	Triacylglycerol-VLDL-pool(r)								
Cholesterol	Cholesterol(r)	MIPES	Cholesterol(r)								
Farnesyl-PP	Farnesyl-PP(p)	MIPES	Farnesyl-PP(p)								
Acetoacetate	Acetoacetate(s)	-Palmitate(s) -O2(s) +CO2(s) =H2O(s)	Acetoacetate(s) Palmitate(s)								
(R)-3-Hydroxybutanoate	(R)-3-Hydroxybutanoate(c)	-Palmitate(s) -O2(s) +CO2(s) =H2O(s)	(R)-3-Hydroxybutanoate(c) Palmitate(s)								
VLDL	VLDL(s)	PIPES	VLDL(s)								
LDL degradation	LDL(s)	MIPES	LDL(s)								
Glycocholate bile	Glycocholate(b)	MIPES	Glycocholate(b)								
Glycochenodeoxycholate bile	Glycochenodeoxycholate(b)	-Palmitate(s) -O2(s) +CO2(s) +H2O(s) +Urea(s) -Alanine(s) -Serine(s)	Glycochenodeoxycholate(b)								
Taurocholate bile	Taurocholate(b)	MIPES	Taurocholate(b)								
Taurochenodeoxycholate bile	Taurochenodeoxycholate(b)	MIPES	Taurochenodeoxycholate(b)								
PC bile	Bile-PC-pool(b)	PIPES	Bile-PC-pool(b)								
PS bile	PS-VLDL-pool(b)	PIPES	PS-VLDL-pool(b)								
PE bile	PE-VLDL-pool(b)	PIPES	PE-VLDL-pool(b)								
SM bile	SM-pool(b)	PIPES	SM-pool(b)								
PAPS	PAPS(c)	MIPES	PAPS(c)								
SAM	S-Adenosylmethioninamine(c)	MIPES	S-Adenosylmethioninamine(c)								
GSH	GSH(c)	MIPES	GSH(c)								
O radical	O2.-(c)	MIPES	O2.-(c)								
Bilirubin conjugation	Bilirubin-bisglucuronoside(b)	MIPES -Bilirubin(s)	Bilirubin(s) Bilirubin-bisglucuronoside(b)								
NH3 degradation	NH3(s)	-O2(s) -Glucose(s) +CO2(s) =H2O(s) +Urea(s)	NH3(s) Urea(s)								
Ethanol degradation	Ethanol(s)	MIMES	Ethanol(s)								
